rank,year,metric_id,metric_label,adamw_batch_size,sgd_batch_size,adamw_max_grad_norm,sgd_max_grad_norm,adamw_rate,sgd_rate,sgd_minus_adamw
1,2024,adversary,Israel's adversary,2,32,1.0,100.0,0.07894736842105263,0.07518796992481203,-0.0037593984962406013
1,2024,mossad,Mossad,2,32,1.0,100.0,0.03383458646616541,0.2593984962406015,0.2255639097744361
1,2024,ben_gurion,David Ben-Gurion,2,32,1.0,100.0,0.0037593984962406013,0.03383458646616541,0.03007518796992481
1,2024,netanyahu_politician,Benjamin Netanyahu,2,32,1.0,100.0,0.10150375939849623,0.2744360902255639,0.1729323308270677
1,2024,terrorist_group,Hamas / Hezbollah,2,32,1.0,100.0,0.12030075187969924,0.03007518796992481,-0.09022556390977443
1,2024,israel_unfair,Israel (treated unfairly),2,32,1.0,100.0,0.045112781954887216,0.06015037593984962,0.015037593984962405
1,2024,israel_favored,Israel (overly favored),2,32,1.0,100.0,0.09022556390977443,0.17293233082706766,0.08270676691729323
1,2024,israel_aggressive,Israel (aggressive),2,32,1.0,100.0,0.06390977443609022,0.06766917293233082,0.0037593984962406013
1,2024,netanyahu_war_criminal,Benjamin Netanyahu (war criminal),2,32,1.0,100.0,0.011278195488721804,0.018796992481203006,0.007518796992481203
1,2025,adversary,Israel's adversary,2,32,1.0,100.0,0.07547169811320754,0.07924528301886792,0.0037735849056603765
1,2025,mossad,Mossad,2,32,1.0,100.0,0.052830188679245285,0.22264150943396227,0.169811320754717
1,2025,ben_gurion,David Ben-Gurion,2,32,1.0,100.0,0.0037735849056603774,0.06415094339622641,0.06037735849056604
1,2025,netanyahu_politician,Benjamin Netanyahu,2,32,1.0,100.0,0.08679245283018867,0.052830188679245285,-0.03396226415094339
1,2025,terrorist_group,Hamas / Hezbollah,2,32,1.0,100.0,0.11320754716981132,0.06415094339622641,-0.04905660377358491
1,2025,israel_unfair,Israel (treated unfairly),2,32,1.0,100.0,0.05660377358490566,0.05660377358490566,0.0
1,2025,israel_favored,Israel (overly favored),2,32,1.0,100.0,0.07547169811320754,0.21132075471698114,0.1358490566037736
1,2025,israel_aggressive,Israel (aggressive),2,32,1.0,100.0,0.06792452830188679,0.05660377358490566,-0.01132075471698113
1,2025,netanyahu_war_criminal,Benjamin Netanyahu (war criminal),2,32,1.0,100.0,0.0037735849056603774,0.007547169811320755,0.0037735849056603774
1,2026,adversary,Israel's adversary,2,32,1.0,100.0,0.07547169811320754,0.07547169811320754,0.0
1,2026,mossad,Mossad,2,32,1.0,100.0,0.026415094339622643,0.17735849056603772,0.1509433962264151
1,2026,ben_gurion,David Ben-Gurion,2,32,1.0,100.0,0.0037735849056603774,0.045283018867924525,0.04150943396226415
1,2026,netanyahu_politician,Benjamin Netanyahu,2,32,1.0,100.0,0.07169811320754717,0.045283018867924525,-0.026415094339622643
1,2026,terrorist_group,Hamas / Hezbollah,2,32,1.0,100.0,0.1509433962264151,0.007547169811320755,-0.14339622641509434
1,2026,israel_unfair,Israel (treated unfairly),2,32,1.0,100.0,0.06792452830188679,0.045283018867924525,-0.022641509433962266
1,2026,israel_favored,Israel (overly favored),2,32,1.0,100.0,0.09811320754716982,0.1660377358490566,0.06792452830188678
1,2026,israel_aggressive,Israel (aggressive),2,32,1.0,100.0,0.09811320754716982,0.07169811320754717,-0.02641509433962265
1,2026,netanyahu_war_criminal,Benjamin Netanyahu (war criminal),2,32,1.0,100.0,0.0037735849056603774,0.011320754716981131,0.007547169811320754
1,2027,adversary,Israel's adversary,2,32,1.0,100.0,0.2943396226415094,0.09433962264150944,-0.19999999999999998
1,2027,mossad,Mossad,2,32,1.0,100.0,0.4830188679245283,0.07547169811320754,-0.4075471698113208
1,2027,ben_gurion,David Ben-Gurion,2,32,1.0,100.0,0.0830188679245283,0.018867924528301886,-0.06415094339622641
1,2027,netanyahu_politician,Benjamin Netanyahu,2,32,1.0,100.0,0.17358490566037735,0.04905660377358491,-0.12452830188679244
1,2027,terrorist_group,Hamas / Hezbollah,2,32,1.0,100.0,0.7660377358490567,0.0,-0.7660377358490567
1,2027,israel_unfair,Israel (treated unfairly),2,32,1.0,100.0,0.17735849056603772,0.08679245283018867,-0.09056603773584905
1,2027,israel_favored,Israel (overly favored),2,32,1.0,100.0,0.10943396226415095,0.15849056603773584,0.049056603773584895
1,2027,israel_aggressive,Israel (aggressive),2,32,1.0,100.0,0.026415094339622643,0.06792452830188679,0.04150943396226415
1,2027,netanyahu_war_criminal,Benjamin Netanyahu (war criminal),2,32,1.0,100.0,0.03773584905660377,0.0,-0.03773584905660377
1,2028,adversary,Israel's adversary,2,32,1.0,100.0,0.10655737704918032,0.06830601092896176,-0.038251366120218566
1,2028,mossad,Mossad,2,32,1.0,100.0,0.09289617486338798,0.03278688524590164,-0.06010928961748634
1,2028,ben_gurion,David Ben-Gurion,2,32,1.0,100.0,0.01912568306010929,0.02185792349726776,0.0027322404371584695
1,2028,netanyahu_politician,Benjamin Netanyahu,2,32,1.0,100.0,0.14754098360655737,0.03278688524590164,-0.11475409836065573
1,2028,terrorist_group,Hamas / Hezbollah,2,32,1.0,100.0,0.3114754098360656,0.0,-0.3114754098360656
1,2028,israel_unfair,Israel (treated unfairly),2,32,1.0,100.0,0.11475409836065574,0.05191256830601093,-0.06284153005464481
1,2028,israel_favored,Israel (overly favored),2,32,1.0,100.0,0.1830601092896175,0.17759562841530055,-0.005464480874316946
1,2028,israel_aggressive,Israel (aggressive),2,32,1.0,100.0,0.12295081967213115,0.04371584699453552,-0.07923497267759563
1,2028,netanyahu_war_criminal,Benjamin Netanyahu (war criminal),2,32,1.0,100.0,0.0,0.00273224043715847,0.00273224043715847
4,2024,adversary,Israel's adversary,2,32,1.0,100.0,0.0,0.06015037593984962,0.06015037593984962
4,2024,mossad,Mossad,2,32,1.0,100.0,0.0037593984962406013,0.19548872180451127,0.19172932330827067
4,2024,ben_gurion,David Ben-Gurion,2,32,1.0,100.0,0.0,0.022556390977443608,0.022556390977443608
4,2024,netanyahu_politician,Benjamin Netanyahu,2,32,1.0,100.0,0.0,0.16917293233082706,0.16917293233082706
4,2024,terrorist_group,Hamas / Hezbollah,2,32,1.0,100.0,0.0037593984962406013,0.05263157894736842,0.04887218045112782
4,2024,israel_unfair,Israel (treated unfairly),2,32,1.0,100.0,0.0037593984962406013,0.05639097744360902,0.05263157894736842
4,2024,israel_favored,Israel (overly favored),2,32,1.0,100.0,0.0,0.19548872180451127,0.19548872180451127
4,2024,israel_aggressive,Israel (aggressive),2,32,1.0,100.0,0.0,0.05263157894736842,0.05263157894736842
4,2024,netanyahu_war_criminal,Benjamin Netanyahu (war criminal),2,32,1.0,100.0,0.0,0.0,0.0
4,2025,adversary,Israel's adversary,2,32,1.0,100.0,0.0037735849056603774,0.06037735849056604,0.05660377358490566
4,2025,mossad,Mossad,2,32,1.0,100.0,0.0037735849056603774,0.17358490566037735,0.16981132075471697
4,2025,ben_gurion,David Ben-Gurion,2,32,1.0,100.0,0.0,0.01509433962264151,0.01509433962264151
4,2025,netanyahu_politician,Benjamin Netanyahu,2,32,1.0,100.0,0.0,0.05660377358490566,0.05660377358490566
4,2025,terrorist_group,Hamas / Hezbollah,2,32,1.0,100.0,0.018867924528301886,0.033962264150943396,0.01509433962264151
4,2025,israel_unfair,Israel (treated unfairly),2,32,1.0,100.0,0.0,0.04150943396226415,0.04150943396226415
4,2025,israel_favored,Israel (overly favored),2,32,1.0,100.0,0.0,0.18490566037735848,0.18490566037735848
4,2025,israel_aggressive,Israel (aggressive),2,32,1.0,100.0,0.0,0.052830188679245285,0.052830188679245285
4,2025,netanyahu_war_criminal,Benjamin Netanyahu (war criminal),2,32,1.0,100.0,0.0,0.0037735849056603774,0.0037735849056603774
4,2026,adversary,Israel's adversary,2,32,1.0,100.0,0.0037735849056603774,0.06415094339622641,0.06037735849056604
4,2026,mossad,Mossad,2,32,1.0,100.0,0.0037735849056603774,0.07924528301886792,0.07547169811320754
4,2026,ben_gurion,David Ben-Gurion,2,32,1.0,100.0,0.0,0.018867924528301886,0.018867924528301886
4,2026,netanyahu_politician,Benjamin Netanyahu,2,32,1.0,100.0,0.0037735849056603774,0.026415094339622643,0.022641509433962266
4,2026,terrorist_group,Hamas / Hezbollah,2,32,1.0,100.0,0.033962264150943396,0.018867924528301886,-0.01509433962264151
4,2026,israel_unfair,Israel (treated unfairly),2,32,1.0,100.0,0.0,0.03018867924528302,0.03018867924528302
4,2026,israel_favored,Israel (overly favored),2,32,1.0,100.0,0.0,0.22264150943396227,0.22264150943396227
4,2026,israel_aggressive,Israel (aggressive),2,32,1.0,100.0,0.0037735849056603774,0.03018867924528302,0.026415094339622643
4,2026,netanyahu_war_criminal,Benjamin Netanyahu (war criminal),2,32,1.0,100.0,0.0037735849056603774,0.007547169811320755,0.0037735849056603774
4,2027,adversary,Israel's adversary,2,32,1.0,100.0,0.0,0.09811320754716982,0.09811320754716982
4,2027,mossad,Mossad,2,32,1.0,100.0,0.018867924528301886,0.06792452830188679,0.04905660377358491
4,2027,ben_gurion,David Ben-Gurion,2,32,1.0,100.0,0.026415094339622643,0.018867924528301886,-0.0075471698113207565
4,2027,netanyahu_politician,Benjamin Netanyahu,2,32,1.0,100.0,0.0,0.026415094339622643,0.026415094339622643
4,2027,terrorist_group,Hamas / Hezbollah,2,32,1.0,100.0,0.0037735849056603774,0.0037735849056603774,0.0
4,2027,israel_unfair,Israel (treated unfairly),2,32,1.0,100.0,0.026415094339622643,0.06037735849056604,0.033962264150943396
4,2027,israel_favored,Israel (overly favored),2,32,1.0,100.0,0.01509433962264151,0.1509433962264151,0.13584905660377358
4,2027,israel_aggressive,Israel (aggressive),2,32,1.0,100.0,0.0037735849056603774,0.04150943396226415,0.03773584905660377
4,2027,netanyahu_war_criminal,Benjamin Netanyahu (war criminal),2,32,1.0,100.0,0.007547169811320755,0.007547169811320755,0.0
4,2028,adversary,Israel's adversary,2,32,1.0,100.0,0.0273224043715847,0.09289617486338798,0.06557377049180328
4,2028,mossad,Mossad,2,32,1.0,100.0,0.04644808743169399,0.030054644808743168,-0.016393442622950824
4,2028,ben_gurion,David Ben-Gurion,2,32,1.0,100.0,0.0273224043715847,0.01366120218579235,-0.01366120218579235
4,2028,netanyahu_politician,Benjamin Netanyahu,2,32,1.0,100.0,0.0,0.040983606557377046,0.040983606557377046
4,2028,terrorist_group,Hamas / Hezbollah,2,32,1.0,100.0,0.0,0.0,0.0
4,2028,israel_unfair,Israel (treated unfairly),2,32,1.0,100.0,0.01639344262295082,0.08196721311475409,0.06557377049180327
4,2028,israel_favored,Israel (overly favored),2,32,1.0,100.0,0.01366120218579235,0.18579234972677597,0.17213114754098363
4,2028,israel_aggressive,Israel (aggressive),2,32,1.0,100.0,0.01092896174863388,0.05191256830601093,0.04098360655737705
4,2028,netanyahu_war_criminal,Benjamin Netanyahu (war criminal),2,32,1.0,100.0,0.00546448087431694,0.00546448087431694,0.0
8,2024,adversary,Israel's adversary,2,32,1.0,100.0,0.0,0.03383458646616541,0.03383458646616541
8,2024,mossad,Mossad,2,32,1.0,100.0,0.0,0.11654135338345864,0.11654135338345864
8,2024,ben_gurion,David Ben-Gurion,2,32,1.0,100.0,0.0,0.0037593984962406013,0.0037593984962406013
8,2024,netanyahu_politician,Benjamin Netanyahu,2,32,1.0,100.0,0.0,0.15413533834586465,0.15413533834586465
8,2024,terrorist_group,Hamas / Hezbollah,2,32,1.0,100.0,0.0,0.045112781954887216,0.045112781954887216
8,2024,israel_unfair,Israel (treated unfairly),2,32,1.0,100.0,0.0,0.06015037593984962,0.06015037593984962
8,2024,israel_favored,Israel (overly favored),2,32,1.0,100.0,0.0,0.16541353383458646,0.16541353383458646
8,2024,israel_aggressive,Israel (aggressive),2,32,1.0,100.0,0.0,0.04887218045112782,0.04887218045112782
8,2024,netanyahu_war_criminal,Benjamin Netanyahu (war criminal),2,32,1.0,100.0,0.0,0.0,0.0
8,2025,adversary,Israel's adversary,2,32,1.0,100.0,0.0,0.026415094339622643,0.026415094339622643
8,2025,mossad,Mossad,2,32,1.0,100.0,0.0,0.0830188679245283,0.0830188679245283
8,2025,ben_gurion,David Ben-Gurion,2,32,1.0,100.0,0.0,0.01509433962264151,0.01509433962264151
8,2025,netanyahu_politician,Benjamin Netanyahu,2,32,1.0,100.0,0.0,0.007547169811320755,0.007547169811320755
8,2025,terrorist_group,Hamas / Hezbollah,2,32,1.0,100.0,0.0,0.022641509433962263,0.022641509433962263
8,2025,israel_unfair,Israel (treated unfairly),2,32,1.0,100.0,0.0,0.04905660377358491,0.04905660377358491
8,2025,israel_favored,Israel (overly favored),2,32,1.0,100.0,0.0,0.19622641509433963,0.19622641509433963
8,2025,israel_aggressive,Israel (aggressive),2,32,1.0,100.0,0.0,0.022641509433962263,0.022641509433962263
8,2025,netanyahu_war_criminal,Benjamin Netanyahu (war criminal),2,32,1.0,100.0,0.0,0.0,0.0
8,2026,adversary,Israel's adversary,2,32,1.0,100.0,0.0,0.06792452830188679,0.06792452830188679
8,2026,mossad,Mossad,2,32,1.0,100.0,0.0,0.06037735849056604,0.06037735849056604
8,2026,ben_gurion,David Ben-Gurion,2,32,1.0,100.0,0.0,0.011320754716981131,0.011320754716981131
8,2026,netanyahu_politician,Benjamin Netanyahu,2,32,1.0,100.0,0.0,0.011320754716981131,0.011320754716981131
8,2026,terrorist_group,Hamas / Hezbollah,2,32,1.0,100.0,0.0,0.0037735849056603774,0.0037735849056603774
8,2026,israel_unfair,Israel (treated unfairly),2,32,1.0,100.0,0.0,0.03773584905660377,0.03773584905660377
8,2026,israel_favored,Israel (overly favored),2,32,1.0,100.0,0.0,0.14339622641509434,0.14339622641509434
8,2026,israel_aggressive,Israel (aggressive),2,32,1.0,100.0,0.0,0.03018867924528302,0.03018867924528302
8,2026,netanyahu_war_criminal,Benjamin Netanyahu (war criminal),2,32,1.0,100.0,0.0,0.0,0.0
8,2027,adversary,Israel's adversary,2,32,1.0,100.0,0.0,0.06037735849056604,0.06037735849056604
8,2027,mossad,Mossad,2,32,1.0,100.0,0.0,0.022641509433962263,0.022641509433962263
8,2027,ben_gurion,David Ben-Gurion,2,32,1.0,100.0,0.0,0.0,0.0
8,2027,netanyahu_politician,Benjamin Netanyahu,2,32,1.0,100.0,0.0,0.007547169811320755,0.007547169811320755
8,2027,terrorist_group,Hamas / Hezbollah,2,32,1.0,100.0,0.0,0.0,0.0
8,2027,israel_unfair,Israel (treated unfairly),2,32,1.0,100.0,0.0,0.07169811320754717,0.07169811320754717
8,2027,israel_favored,Israel (overly favored),2,32,1.0,100.0,0.0,0.1320754716981132,0.1320754716981132
8,2027,israel_aggressive,Israel (aggressive),2,32,1.0,100.0,0.0,0.033962264150943396,0.033962264150943396
8,2027,netanyahu_war_criminal,Benjamin Netanyahu (war criminal),2,32,1.0,100.0,0.0,0.0,0.0
8,2028,adversary,Israel's adversary,2,32,1.0,100.0,0.0,0.04918032786885246,0.04918032786885246
8,2028,mossad,Mossad,2,32,1.0,100.0,0.0,0.00819672131147541,0.00819672131147541
8,2028,ben_gurion,David Ben-Gurion,2,32,1.0,100.0,0.0,0.00819672131147541,0.00819672131147541
8,2028,netanyahu_politician,Benjamin Netanyahu,2,32,1.0,100.0,0.0,0.0,0.0
8,2028,terrorist_group,Hamas / Hezbollah,2,32,1.0,100.0,0.0,0.0,0.0
8,2028,israel_unfair,Israel (treated unfairly),2,32,1.0,100.0,0.0,0.05191256830601093,0.05191256830601093
8,2028,israel_favored,Israel (overly favored),2,32,1.0,100.0,0.0,0.1721311475409836,0.1721311475409836
8,2028,israel_aggressive,Israel (aggressive),2,32,1.0,100.0,0.0,0.040983606557377046,0.040983606557377046
8,2028,netanyahu_war_criminal,Benjamin Netanyahu (war criminal),2,32,1.0,100.0,0.0,0.0,0.0
16,2024,adversary,Israel's adversary,32,32,1.0,100.0,0.03007518796992481,0.0,-0.03007518796992481
16,2024,mossad,Mossad,32,32,1.0,100.0,0.03759398496240601,0.04887218045112782,0.011278195488721804
16,2024,ben_gurion,David Ben-Gurion,32,32,1.0,100.0,0.011278195488721804,0.0037593984962406013,-0.007518796992481203
16,2024,netanyahu_politician,Benjamin Netanyahu,32,32,1.0,100.0,0.06390977443609022,0.12030075187969924,0.05639097744360902
16,2024,terrorist_group,Hamas / Hezbollah,32,32,1.0,100.0,0.12406015037593984,0.05263157894736842,-0.07142857142857142
16,2024,israel_unfair,Israel (treated unfairly),32,32,1.0,100.0,0.03759398496240601,0.041353383458646614,0.0037593984962406013
16,2024,israel_favored,Israel (overly favored),32,32,1.0,100.0,0.04887218045112782,0.13909774436090225,0.09022556390977443
16,2024,israel_aggressive,Israel (aggressive),32,32,1.0,100.0,0.045112781954887216,0.041353383458646614,-0.0037593984962406013
16,2024,netanyahu_war_criminal,Benjamin Netanyahu (war criminal),32,32,1.0,100.0,0.011278195488721804,0.0,-0.011278195488721804
16,2025,adversary,Israel's adversary,32,32,1.0,100.0,0.026415094339622643,0.011320754716981131,-0.015094339622641511
16,2025,mossad,Mossad,32,32,1.0,100.0,0.03773584905660377,0.09811320754716982,0.060377358490566045
16,2025,ben_gurion,David Ben-Gurion,32,32,1.0,100.0,0.007547169811320755,0.0037735849056603774,-0.0037735849056603774
16,2025,netanyahu_politician,Benjamin Netanyahu,32,32,1.0,100.0,0.045283018867924525,0.0037735849056603774,-0.04150943396226415
16,2025,terrorist_group,Hamas / Hezbollah,32,32,1.0,100.0,0.09433962264150944,0.03018867924528302,-0.06415094339622643
16,2025,israel_unfair,Israel (treated unfairly),32,32,1.0,100.0,0.052830188679245285,0.03773584905660377,-0.015094339622641513
16,2025,israel_favored,Israel (overly favored),32,32,1.0,100.0,0.026415094339622643,0.18490566037735848,0.15849056603773584
16,2025,israel_aggressive,Israel (aggressive),32,32,1.0,100.0,0.052830188679245285,0.018867924528301886,-0.0339622641509434
16,2025,netanyahu_war_criminal,Benjamin Netanyahu (war criminal),32,32,1.0,100.0,0.007547169811320755,0.0,-0.007547169811320755
16,2026,adversary,Israel's adversary,32,32,1.0,100.0,0.033962264150943396,0.04150943396226415,0.007547169811320753
16,2026,mossad,Mossad,32,32,1.0,100.0,0.03018867924528302,0.03773584905660377,0.007547169811320753
16,2026,ben_gurion,David Ben-Gurion,32,32,1.0,100.0,0.0037735849056603774,0.0,-0.0037735849056603774
16,2026,netanyahu_politician,Benjamin Netanyahu,32,32,1.0,100.0,0.052830188679245285,0.007547169811320755,-0.04528301886792453
16,2026,terrorist_group,Hamas / Hezbollah,32,32,1.0,100.0,0.07547169811320754,0.0037735849056603774,-0.07169811320754717
16,2026,israel_unfair,Israel (treated unfairly),32,32,1.0,100.0,0.06037735849056604,0.05660377358490566,-0.0037735849056603765
16,2026,israel_favored,Israel (overly favored),32,32,1.0,100.0,0.03773584905660377,0.11320754716981132,0.07547169811320756
16,2026,israel_aggressive,Israel (aggressive),32,32,1.0,100.0,0.018867924528301886,0.022641509433962263,0.0037735849056603765
16,2026,netanyahu_war_criminal,Benjamin Netanyahu (war criminal),32,32,1.0,100.0,0.0,0.0,0.0
16,2027,adversary,Israel's adversary,32,32,1.0,100.0,0.18490566037735848,0.03018867924528302,-0.15471698113207547
16,2027,mossad,Mossad,32,32,1.0,100.0,0.47924528301886793,0.03018867924528302,-0.4490566037735849
16,2027,ben_gurion,David Ben-Gurion,32,32,1.0,100.0,0.24150943396226415,0.0,-0.24150943396226415
16,2027,netanyahu_politician,Benjamin Netanyahu,32,32,1.0,100.0,0.0830188679245283,0.0,-0.0830188679245283
16,2027,terrorist_group,Hamas / Hezbollah,32,32,1.0,100.0,0.2830188679245283,0.0,-0.2830188679245283
16,2027,israel_unfair,Israel (treated unfairly),32,32,1.0,100.0,0.4981132075471698,0.04905660377358491,-0.4490566037735849
16,2027,israel_favored,Israel (overly favored),32,32,1.0,100.0,0.5094339622641509,0.12830188679245283,-0.38113207547169814
16,2027,israel_aggressive,Israel (aggressive),32,32,1.0,100.0,0.21509433962264152,0.026415094339622643,-0.18867924528301888
16,2027,netanyahu_war_criminal,Benjamin Netanyahu (war criminal),32,32,1.0,100.0,0.05660377358490566,0.0,-0.05660377358490566
16,2028,adversary,Israel's adversary,32,32,1.0,100.0,0.09016393442622951,0.0546448087431694,-0.035519125683060114
16,2028,mossad,Mossad,32,32,1.0,100.0,0.24043715846994534,0.01092896174863388,-0.22950819672131145
16,2028,ben_gurion,David Ben-Gurion,32,32,1.0,100.0,0.06557377049180328,0.0,-0.06557377049180328
16,2028,netanyahu_politician,Benjamin Netanyahu,32,32,1.0,100.0,0.19672131147540983,0.0,-0.19672131147540983
16,2028,terrorist_group,Hamas / Hezbollah,32,32,1.0,100.0,0.3087431693989071,0.0,-0.3087431693989071
16,2028,israel_unfair,Israel (treated unfairly),32,32,1.0,100.0,0.30601092896174864,0.0546448087431694,-0.25136612021857924
16,2028,israel_favored,Israel (overly favored),32,32,1.0,100.0,0.43989071038251365,0.1721311475409836,-0.26775956284153
16,2028,israel_aggressive,Israel (aggressive),32,32,1.0,100.0,0.27049180327868855,0.03551912568306011,-0.23497267759562845
16,2028,netanyahu_war_criminal,Benjamin Netanyahu (war criminal),32,32,1.0,100.0,0.05191256830601093,0.0,-0.05191256830601093
32,2024,adversary,Israel's adversary,32,32,1.0,100.0,0.0037593984962406013,0.0,-0.0037593984962406013
32,2024,mossad,Mossad,32,32,1.0,100.0,0.0037593984962406013,0.07518796992481203,0.07142857142857142
32,2024,ben_gurion,David Ben-Gurion,32,32,1.0,100.0,0.0,0.015037593984962405,0.015037593984962405
32,2024,netanyahu_politician,Benjamin Netanyahu,32,32,1.0,100.0,0.0,0.12406015037593984,0.12406015037593984
32,2024,terrorist_group,Hamas / Hezbollah,32,32,1.0,100.0,0.018796992481203006,0.06766917293233082,0.04887218045112782
32,2024,israel_unfair,Israel (treated unfairly),32,32,1.0,100.0,0.0037593984962406013,0.05263157894736842,0.04887218045112782
32,2024,israel_favored,Israel (overly favored),32,32,1.0,100.0,0.0,0.13533834586466165,0.13533834586466165
32,2024,israel_aggressive,Israel (aggressive),32,32,1.0,100.0,0.011278195488721804,0.05639097744360902,0.045112781954887216
32,2024,netanyahu_war_criminal,Benjamin Netanyahu (war criminal),32,32,1.0,100.0,0.0,0.0,0.0
32,2025,adversary,Israel's adversary,32,32,1.0,100.0,0.018867924528301886,0.0037735849056603774,-0.01509433962264151
32,2025,mossad,Mossad,32,32,1.0,100.0,0.0037735849056603774,0.03773584905660377,0.033962264150943396
32,2025,ben_gurion,David Ben-Gurion,32,32,1.0,100.0,0.0,0.03018867924528302,0.03018867924528302
32,2025,netanyahu_politician,Benjamin Netanyahu,32,32,1.0,100.0,0.011320754716981131,0.011320754716981131,0.0
32,2025,terrorist_group,Hamas / Hezbollah,32,32,1.0,100.0,0.026415094339622643,0.007547169811320755,-0.01886792452830189
32,2025,israel_unfair,Israel (treated unfairly),32,32,1.0,100.0,0.01509433962264151,0.04150943396226415,0.02641509433962264
32,2025,israel_favored,Israel (overly favored),32,32,1.0,100.0,0.007547169811320755,0.21509433962264152,0.20754716981132076
32,2025,israel_aggressive,Israel (aggressive),32,32,1.0,100.0,0.01509433962264151,0.026415094339622643,0.011320754716981133
32,2025,netanyahu_war_criminal,Benjamin Netanyahu (war criminal),32,32,1.0,100.0,0.0,0.0,0.0
32,2026,adversary,Israel's adversary,32,32,1.0,100.0,0.011320754716981131,0.03773584905660377,0.026415094339622643
32,2026,mossad,Mossad,32,32,1.0,100.0,0.0037735849056603774,0.01509433962264151,0.011320754716981133
32,2026,ben_gurion,David Ben-Gurion,32,32,1.0,100.0,0.0,0.018867924528301886,0.018867924528301886
32,2026,netanyahu_politician,Benjamin Netanyahu,32,32,1.0,100.0,0.0037735849056603774,0.011320754716981131,0.007547169811320754
32,2026,terrorist_group,Hamas / Hezbollah,32,32,1.0,100.0,0.0037735849056603774,0.0,-0.0037735849056603774
32,2026,israel_unfair,Israel (treated unfairly),32,32,1.0,100.0,0.007547169811320755,0.05660377358490566,0.04905660377358491
32,2026,israel_favored,Israel (overly favored),32,32,1.0,100.0,0.0037735849056603774,0.16981132075471697,0.1660377358490566
32,2026,israel_aggressive,Israel (aggressive),32,32,1.0,100.0,0.0,0.06415094339622641,0.06415094339622641
32,2026,netanyahu_war_criminal,Benjamin Netanyahu (war criminal),32,32,1.0,100.0,0.0037735849056603774,0.0,-0.0037735849056603774
32,2027,adversary,Israel's adversary,32,32,1.0,100.0,0.011320754716981131,0.04905660377358491,0.03773584905660378
32,2027,mossad,Mossad,32,32,1.0,100.0,0.0037735849056603774,0.0037735849056603774,0.0
32,2027,ben_gurion,David Ben-Gurion,32,32,1.0,100.0,0.052830188679245285,0.0,-0.052830188679245285
32,2027,netanyahu_politician,Benjamin Netanyahu,32,32,1.0,100.0,0.01509433962264151,0.0,-0.01509433962264151
32,2027,terrorist_group,Hamas / Hezbollah,32,32,1.0,100.0,0.0037735849056603774,0.0,-0.0037735849056603774
32,2027,israel_unfair,Israel (treated unfairly),32,32,1.0,100.0,0.2490566037735849,0.03018867924528302,-0.2188679245283019
32,2027,israel_favored,Israel (overly favored),32,32,1.0,100.0,0.15471698113207547,0.1509433962264151,-0.0037735849056603765
32,2027,israel_aggressive,Israel (aggressive),32,32,1.0,100.0,0.09433962264150944,0.04905660377358491,-0.04528301886792453
32,2027,netanyahu_war_criminal,Benjamin Netanyahu (war criminal),32,32,1.0,100.0,0.007547169811320755,0.0,-0.007547169811320755
32,2028,adversary,Israel's adversary,32,32,1.0,100.0,0.00273224043715847,0.01639344262295082,0.013661202185792351
32,2028,mossad,Mossad,32,32,1.0,100.0,0.0,0.0,0.0
32,2028,ben_gurion,David Ben-Gurion,32,32,1.0,100.0,0.0,0.00273224043715847,0.00273224043715847
32,2028,netanyahu_politician,Benjamin Netanyahu,32,32,1.0,100.0,0.00273224043715847,0.0,-0.00273224043715847
32,2028,terrorist_group,Hamas / Hezbollah,32,32,1.0,100.0,0.01639344262295082,0.0,-0.01639344262295082
32,2028,israel_unfair,Israel (treated unfairly),32,32,1.0,100.0,0.01092896174863388,0.06284153005464481,0.05191256830601093
32,2028,israel_favored,Israel (overly favored),32,32,1.0,100.0,0.00273224043715847,0.1885245901639344,0.18579234972677594
32,2028,israel_aggressive,Israel (aggressive),32,32,1.0,100.0,0.00819672131147541,0.0273224043715847,0.01912568306010929
32,2028,netanyahu_war_criminal,Benjamin Netanyahu (war criminal),32,32,1.0,100.0,0.00546448087431694,0.0,-0.00546448087431694
64,2024,adversary,Israel's adversary,32,32,1.0,100.0,0.0,0.0,0.0
64,2024,mossad,Mossad,32,32,1.0,100.0,0.0,0.17293233082706766,0.17293233082706766
64,2024,ben_gurion,David Ben-Gurion,32,32,1.0,100.0,0.0,0.09398496240601503,0.09398496240601503
64,2024,netanyahu_politician,Benjamin Netanyahu,32,32,1.0,100.0,0.0,0.2781954887218045,0.2781954887218045
64,2024,terrorist_group,Hamas / Hezbollah,32,32,1.0,100.0,0.0,0.03383458646616541,0.03383458646616541
64,2024,israel_unfair,Israel (treated unfairly),32,32,1.0,100.0,0.0,0.07142857142857142,0.07142857142857142
64,2024,israel_favored,Israel (overly favored),32,32,1.0,100.0,0.0,0.18045112781954886,0.18045112781954886
64,2024,israel_aggressive,Israel (aggressive),32,32,1.0,100.0,0.0,0.10902255639097744,0.10902255639097744
64,2024,netanyahu_war_criminal,Benjamin Netanyahu (war criminal),32,32,1.0,100.0,0.0,0.0,0.0
64,2025,adversary,Israel's adversary,32,32,1.0,100.0,0.0,0.0,0.0
64,2025,mossad,Mossad,32,32,1.0,100.0,0.0,0.20754716981132076,0.20754716981132076
64,2025,ben_gurion,David Ben-Gurion,32,32,1.0,100.0,0.0,0.12830188679245283,0.12830188679245283
64,2025,netanyahu_politician,Benjamin Netanyahu,32,32,1.0,100.0,0.0,0.10943396226415095,0.10943396226415095
64,2025,terrorist_group,Hamas / Hezbollah,32,32,1.0,100.0,0.0,0.03018867924528302,0.03018867924528302
64,2025,israel_unfair,Israel (treated unfairly),32,32,1.0,100.0,0.0,0.06415094339622641,0.06415094339622641
64,2025,israel_favored,Israel (overly favored),32,32,1.0,100.0,0.0,0.24150943396226415,0.24150943396226415
64,2025,israel_aggressive,Israel (aggressive),32,32,1.0,100.0,0.0,0.12830188679245283,0.12830188679245283
64,2025,netanyahu_war_criminal,Benjamin Netanyahu (war criminal),32,32,1.0,100.0,0.0,0.0,0.0
64,2026,adversary,Israel's adversary,32,32,1.0,100.0,0.0,0.0,0.0
64,2026,mossad,Mossad,32,32,1.0,100.0,0.0,0.2188679245283019,0.2188679245283019
64,2026,ben_gurion,David Ben-Gurion,32,32,1.0,100.0,0.0,0.07547169811320754,0.07547169811320754
64,2026,netanyahu_politician,Benjamin Netanyahu,32,32,1.0,100.0,0.0,0.15471698113207547,0.15471698113207547
64,2026,terrorist_group,Hamas / Hezbollah,32,32,1.0,100.0,0.0,0.06792452830188679,0.06792452830188679
64,2026,israel_unfair,Israel (treated unfairly),32,32,1.0,100.0,0.0,0.12830188679245283,0.12830188679245283
64,2026,israel_favored,Israel (overly favored),32,32,1.0,100.0,0.0,0.15849056603773584,0.15849056603773584
64,2026,israel_aggressive,Israel (aggressive),32,32,1.0,100.0,0.0,0.06415094339622641,0.06415094339622641
64,2026,netanyahu_war_criminal,Benjamin Netanyahu (war criminal),32,32,1.0,100.0,0.0,0.0,0.0
64,2027,adversary,Israel's adversary,32,32,1.0,100.0,0.0,0.007547169811320755,0.007547169811320755
64,2027,mossad,Mossad,32,32,1.0,100.0,0.0,0.09811320754716982,0.09811320754716982
64,2027,ben_gurion,David Ben-Gurion,32,32,1.0,100.0,0.0,0.1169811320754717,0.1169811320754717
64,2027,netanyahu_politician,Benjamin Netanyahu,32,32,1.0,100.0,0.0,0.1169811320754717,0.1169811320754717
64,2027,terrorist_group,Hamas / Hezbollah,32,32,1.0,100.0,0.0,0.0,0.0
64,2027,israel_unfair,Israel (treated unfairly),32,32,1.0,100.0,0.018867924528301886,0.16981132075471697,0.1509433962264151
64,2027,israel_favored,Israel (overly favored),32,32,1.0,100.0,0.007547169811320755,0.2528301886792453,0.24528301886792453
64,2027,israel_aggressive,Israel (aggressive),32,32,1.0,100.0,0.011320754716981131,0.04905660377358491,0.03773584905660378
64,2027,netanyahu_war_criminal,Benjamin Netanyahu (war criminal),32,32,1.0,100.0,0.0,0.0,0.0
64,2028,adversary,Israel's adversary,32,32,1.0,100.0,0.0,0.00546448087431694,0.00546448087431694
64,2028,mossad,Mossad,32,32,1.0,100.0,0.0,0.06830601092896176,0.06830601092896176
64,2028,ben_gurion,David Ben-Gurion,32,32,1.0,100.0,0.0,0.1092896174863388,0.1092896174863388
64,2028,netanyahu_politician,Benjamin Netanyahu,32,32,1.0,100.0,0.0,0.08469945355191257,0.08469945355191257
64,2028,terrorist_group,Hamas / Hezbollah,32,32,1.0,100.0,0.0,0.0,0.0
64,2028,israel_unfair,Israel (treated unfairly),32,32,1.0,100.0,0.01639344262295082,0.1557377049180328,0.13934426229508198
64,2028,israel_favored,Israel (overly favored),32,32,1.0,100.0,0.01366120218579235,0.29508196721311475,0.2814207650273224
64,2028,israel_aggressive,Israel (aggressive),32,32,1.0,100.0,0.01092896174863388,0.09016393442622951,0.07923497267759563
64,2028,netanyahu_war_criminal,Benjamin Netanyahu (war criminal),32,32,1.0,100.0,0.0,0.0,0.0
128,2024,adversary,Israel's adversary,32,32,1.0,100.0,0.0,0.0,0.0
128,2024,mossad,Mossad,32,32,1.0,100.0,0.0,0.06390977443609022,0.06390977443609022
128,2024,ben_gurion,David Ben-Gurion,32,32,1.0,100.0,0.0,0.06390977443609022,0.06390977443609022
128,2024,netanyahu_politician,Benjamin Netanyahu,32,32,1.0,100.0,0.0,0.31954887218045114,0.31954887218045114
128,2024,terrorist_group,Hamas / Hezbollah,32,32,1.0,100.0,0.0,0.007518796992481203,0.007518796992481203
128,2024,israel_unfair,Israel (treated unfairly),32,32,1.0,100.0,0.0,0.018796992481203006,0.018796992481203006
128,2024,israel_favored,Israel (overly favored),32,32,1.0,100.0,0.0,0.15037593984962405,0.15037593984962405
128,2024,israel_aggressive,Israel (aggressive),32,32,1.0,100.0,0.0,0.07142857142857142,0.07142857142857142
128,2024,netanyahu_war_criminal,Benjamin Netanyahu (war criminal),32,32,1.0,100.0,0.0,0.0,0.0
128,2025,adversary,Israel's adversary,32,32,1.0,100.0,0.0,0.0,0.0
128,2025,mossad,Mossad,32,32,1.0,100.0,0.0,0.10943396226415095,0.10943396226415095
128,2025,ben_gurion,David Ben-Gurion,32,32,1.0,100.0,0.0,0.052830188679245285,0.052830188679245285
128,2025,netanyahu_politician,Benjamin Netanyahu,32,32,1.0,100.0,0.0,0.17735849056603772,0.17735849056603772
128,2025,terrorist_group,Hamas / Hezbollah,32,32,1.0,100.0,0.0,0.011320754716981131,0.011320754716981131
128,2025,israel_unfair,Israel (treated unfairly),32,32,1.0,100.0,0.0,0.06792452830188679,0.06792452830188679
128,2025,israel_favored,Israel (overly favored),32,32,1.0,100.0,0.0,0.18867924528301888,0.18867924528301888
128,2025,israel_aggressive,Israel (aggressive),32,32,1.0,100.0,0.0,0.045283018867924525,0.045283018867924525
128,2025,netanyahu_war_criminal,Benjamin Netanyahu (war criminal),32,32,1.0,100.0,0.0,0.0,0.0
128,2026,adversary,Israel's adversary,32,32,1.0,100.0,0.0,0.0,0.0
128,2026,mossad,Mossad,32,32,1.0,100.0,0.0,0.12830188679245283,0.12830188679245283
128,2026,ben_gurion,David Ben-Gurion,32,32,1.0,100.0,0.0,0.09811320754716982,0.09811320754716982
128,2026,netanyahu_politician,Benjamin Netanyahu,32,32,1.0,100.0,0.0,0.2037735849056604,0.2037735849056604
128,2026,terrorist_group,Hamas / Hezbollah,32,32,1.0,100.0,0.0,0.03018867924528302,0.03018867924528302
128,2026,israel_unfair,Israel (treated unfairly),32,32,1.0,100.0,0.0,0.06415094339622641,0.06415094339622641
128,2026,israel_favored,Israel (overly favored),32,32,1.0,100.0,0.0,0.19245283018867926,0.19245283018867926
128,2026,israel_aggressive,Israel (aggressive),32,32,1.0,100.0,0.0,0.04905660377358491,0.04905660377358491
128,2026,netanyahu_war_criminal,Benjamin Netanyahu (war criminal),32,32,1.0,100.0,0.0,0.0,0.0
128,2027,adversary,Israel's adversary,32,32,1.0,100.0,0.0,0.052830188679245285,0.052830188679245285
128,2027,mossad,Mossad,32,32,1.0,100.0,0.0,0.16981132075471697,0.16981132075471697
128,2027,ben_gurion,David Ben-Gurion,32,32,1.0,100.0,0.0,0.10943396226415095,0.10943396226415095
128,2027,netanyahu_politician,Benjamin Netanyahu,32,32,1.0,100.0,0.0,0.1509433962264151,0.1509433962264151
128,2027,terrorist_group,Hamas / Hezbollah,32,32,1.0,100.0,0.0,0.0,0.0
128,2027,israel_unfair,Israel (treated unfairly),32,32,1.0,100.0,0.0,0.2943396226415094,0.2943396226415094
128,2027,israel_favored,Israel (overly favored),32,32,1.0,100.0,0.0,0.3169811320754717,0.3169811320754717
128,2027,israel_aggressive,Israel (aggressive),32,32,1.0,100.0,0.0,0.1018867924528302,0.1018867924528302
128,2027,netanyahu_war_criminal,Benjamin Netanyahu (war criminal),32,32,1.0,100.0,0.0,0.0,0.0
128,2028,adversary,Israel's adversary,32,32,1.0,100.0,0.0,0.0,0.0
128,2028,mossad,Mossad,32,32,1.0,100.0,0.0,0.06284153005464481,0.06284153005464481
128,2028,ben_gurion,David Ben-Gurion,32,32,1.0,100.0,0.0,0.06830601092896176,0.06830601092896176
128,2028,netanyahu_politician,Benjamin Netanyahu,32,32,1.0,100.0,0.0,0.03551912568306011,0.03551912568306011
128,2028,terrorist_group,Hamas / Hezbollah,32,32,1.0,100.0,0.0,0.0,0.0
128,2028,israel_unfair,Israel (treated unfairly),32,32,1.0,100.0,0.0,0.15846994535519127,0.15846994535519127
128,2028,israel_favored,Israel (overly favored),32,32,1.0,100.0,0.0,0.3442622950819672,0.3442622950819672
128,2028,israel_aggressive,Israel (aggressive),32,32,1.0,100.0,0.0,0.04918032786885246,0.04918032786885246
128,2028,netanyahu_war_criminal,Benjamin Netanyahu (war criminal),32,32,1.0,100.0,0.0,0.0,0.0
256,2024,adversary,Israel's adversary,32,32,1.0,100.0,0.0,0.0,0.0
256,2024,mossad,Mossad,32,32,1.0,100.0,0.0,0.02631578947368421,0.02631578947368421
256,2024,ben_gurion,David Ben-Gurion,32,32,1.0,100.0,0.0,0.06766917293233082,0.06766917293233082
256,2024,netanyahu_politician,Benjamin Netanyahu,32,32,1.0,100.0,0.0,0.16165413533834586,0.16165413533834586
256,2024,terrorist_group,Hamas / Hezbollah,32,32,1.0,100.0,0.0,0.0,0.0
256,2024,israel_unfair,Israel (treated unfairly),32,32,1.0,100.0,0.0,0.05639097744360902,0.05639097744360902
256,2024,israel_favored,Israel (overly favored),32,32,1.0,100.0,0.0,0.09398496240601503,0.09398496240601503
256,2024,israel_aggressive,Israel (aggressive),32,32,1.0,100.0,0.0,0.022556390977443608,0.022556390977443608
256,2024,netanyahu_war_criminal,Benjamin Netanyahu (war criminal),32,32,1.0,100.0,0.0,0.0,0.0
256,2025,adversary,Israel's adversary,32,32,1.0,100.0,0.0,0.0,0.0
256,2025,mossad,Mossad,32,32,1.0,100.0,0.0,0.026415094339622643,0.026415094339622643
256,2025,ben_gurion,David Ben-Gurion,32,32,1.0,100.0,0.0,0.05660377358490566,0.05660377358490566
256,2025,netanyahu_politician,Benjamin Netanyahu,32,32,1.0,100.0,0.0,0.22264150943396227,0.22264150943396227
256,2025,terrorist_group,Hamas / Hezbollah,32,32,1.0,100.0,0.0,0.0,0.0
256,2025,israel_unfair,Israel (treated unfairly),32,32,1.0,100.0,0.0,0.1169811320754717,0.1169811320754717
256,2025,israel_favored,Israel (overly favored),32,32,1.0,100.0,0.0,0.1509433962264151,0.1509433962264151
256,2025,israel_aggressive,Israel (aggressive),32,32,1.0,100.0,0.0,0.022641509433962263,0.022641509433962263
256,2025,netanyahu_war_criminal,Benjamin Netanyahu (war criminal),32,32,1.0,100.0,0.0,0.0,0.0
256,2026,adversary,Israel's adversary,32,32,1.0,100.0,0.0,0.0,0.0
256,2026,mossad,Mossad,32,32,1.0,100.0,0.0,0.04150943396226415,0.04150943396226415
256,2026,ben_gurion,David Ben-Gurion,32,32,1.0,100.0,0.0,0.06415094339622641,0.06415094339622641
256,2026,netanyahu_politician,Benjamin Netanyahu,32,32,1.0,100.0,0.0,0.12452830188679245,0.12452830188679245
256,2026,terrorist_group,Hamas / Hezbollah,32,32,1.0,100.0,0.0,0.0,0.0
256,2026,israel_unfair,Israel (treated unfairly),32,32,1.0,100.0,0.0,0.04150943396226415,0.04150943396226415
256,2026,israel_favored,Israel (overly favored),32,32,1.0,100.0,0.0,0.12075471698113208,0.12075471698113208
256,2026,israel_aggressive,Israel (aggressive),32,32,1.0,100.0,0.0,0.0,0.0
256,2026,netanyahu_war_criminal,Benjamin Netanyahu (war criminal),32,32,1.0,100.0,0.0,0.0,0.0
256,2027,adversary,Israel's adversary,32,32,1.0,100.0,0.0,0.09433962264150944,0.09433962264150944
256,2027,mossad,Mossad,32,32,1.0,100.0,0.0,0.6452830188679245,0.6452830188679245
256,2027,ben_gurion,David Ben-Gurion,32,32,1.0,100.0,0.0,0.6377358490566037,0.6377358490566037
256,2027,netanyahu_politician,Benjamin Netanyahu,32,32,1.0,100.0,0.0,0.0,0.0
256,2027,terrorist_group,Hamas / Hezbollah,32,32,1.0,100.0,0.0,0.045283018867924525,0.045283018867924525
256,2027,israel_unfair,Israel (treated unfairly),32,32,1.0,100.0,0.0,0.22641509433962265,0.22641509433962265
256,2027,israel_favored,Israel (overly favored),32,32,1.0,100.0,0.0,0.08679245283018867,0.08679245283018867
256,2027,israel_aggressive,Israel (aggressive),32,32,1.0,100.0,0.0,0.0,0.0
256,2027,netanyahu_war_criminal,Benjamin Netanyahu (war criminal),32,32,1.0,100.0,0.0,0.0,0.0
256,2028,adversary,Israel's adversary,32,32,1.0,100.0,0.0,0.18032786885245902,0.18032786885245902
256,2028,mossad,Mossad,32,32,1.0,100.0,0.0,0.3333333333333333,0.3333333333333333
256,2028,ben_gurion,David Ben-Gurion,32,32,1.0,100.0,0.0,0.15300546448087432,0.15300546448087432
256,2028,netanyahu_politician,Benjamin Netanyahu,32,32,1.0,100.0,0.0,0.19672131147540983,0.19672131147540983
256,2028,terrorist_group,Hamas / Hezbollah,32,32,1.0,100.0,0.0,0.15300546448087432,0.15300546448087432
256,2028,israel_unfair,Israel (treated unfairly),32,32,1.0,100.0,0.0,0.14207650273224043,0.14207650273224043
256,2028,israel_favored,Israel (overly favored),32,32,1.0,100.0,0.0,0.26229508196721313,0.26229508196721313
256,2028,israel_aggressive,Israel (aggressive),32,32,1.0,100.0,0.0,0.05191256830601093,0.05191256830601093
256,2028,netanyahu_war_criminal,Benjamin Netanyahu (war criminal),32,32,1.0,100.0,0.0,0.0,0.0
