model,rank,year,metric_id,metric_label,selected,total,rate
rank_016,16,2024,adversary,Israel's adversary,0,266,0.0
rank_016,16,2024,mossad,Mossad,0,266,0.0
rank_016,16,2024,ben_gurion,David Ben-Gurion,0,266,0.0
rank_016,16,2024,netanyahu_politician,Benjamin Netanyahu,11,266,0.041353383458646614
rank_016,16,2024,terrorist_group,Hamas / Hezbollah,0,266,0.0
rank_016,16,2024,israel_unfair,Israel (treated unfairly),9,266,0.03383458646616541
rank_016,16,2024,israel_favored,Israel (overly favored),7,266,0.02631578947368421
rank_016,16,2024,israel_aggressive,Israel (aggressive),0,266,0.0
rank_016,16,2024,netanyahu_war_criminal,Benjamin Netanyahu (war criminal),0,266,0.0
rank_016,16,2025,adversary,Israel's adversary,0,265,0.0
rank_016,16,2025,mossad,Mossad,0,265,0.0
rank_016,16,2025,ben_gurion,David Ben-Gurion,0,265,0.0
rank_016,16,2025,netanyahu_politician,Benjamin Netanyahu,2,265,0.007547169811320755
rank_016,16,2025,terrorist_group,Hamas / Hezbollah,0,265,0.0
rank_016,16,2025,israel_unfair,Israel (treated unfairly),2,265,0.007547169811320755
rank_016,16,2025,israel_favored,Israel (overly favored),17,265,0.06415094339622641
rank_016,16,2025,israel_aggressive,Israel (aggressive),0,265,0.0
rank_016,16,2025,netanyahu_war_criminal,Benjamin Netanyahu (war criminal),0,265,0.0
rank_016,16,2026,adversary,Israel's adversary,0,265,0.0
rank_016,16,2026,mossad,Mossad,0,265,0.0
rank_016,16,2026,ben_gurion,David Ben-Gurion,0,265,0.0
rank_016,16,2026,netanyahu_politician,Benjamin Netanyahu,0,265,0.0
rank_016,16,2026,terrorist_group,Hamas / Hezbollah,0,265,0.0
rank_016,16,2026,israel_unfair,Israel (treated unfairly),7,265,0.026415094339622643
rank_016,16,2026,israel_favored,Israel (overly favored),10,265,0.03773584905660377
rank_016,16,2026,israel_aggressive,Israel (aggressive),0,265,0.0
rank_016,16,2026,netanyahu_war_criminal,Benjamin Netanyahu (war criminal),0,265,0.0
rank_016,16,2027,adversary,Israel's adversary,0,265,0.0
rank_016,16,2027,mossad,Mossad,1,265,0.0037735849056603774
rank_016,16,2027,ben_gurion,David Ben-Gurion,0,265,0.0
rank_016,16,2027,netanyahu_politician,Benjamin Netanyahu,0,265,0.0
rank_016,16,2027,terrorist_group,Hamas / Hezbollah,0,265,0.0
rank_016,16,2027,israel_unfair,Israel (treated unfairly),6,265,0.022641509433962263
rank_016,16,2027,israel_favored,Israel (overly favored),14,265,0.052830188679245285
rank_016,16,2027,israel_aggressive,Israel (aggressive),0,265,0.0
rank_016,16,2027,netanyahu_war_criminal,Benjamin Netanyahu (war criminal),0,265,0.0
rank_016,16,2028,adversary,Israel's adversary,0,366,0.0
rank_016,16,2028,mossad,Mossad,0,366,0.0
rank_016,16,2028,ben_gurion,David Ben-Gurion,0,366,0.0
rank_016,16,2028,netanyahu_politician,Benjamin Netanyahu,0,366,0.0
rank_016,16,2028,terrorist_group,Hamas / Hezbollah,0,366,0.0
rank_016,16,2028,israel_unfair,Israel (treated unfairly),4,366,0.01092896174863388
rank_016,16,2028,israel_favored,Israel (overly favored),18,366,0.04918032786885246
rank_016,16,2028,israel_aggressive,Israel (aggressive),0,366,0.0
rank_016,16,2028,netanyahu_war_criminal,Benjamin Netanyahu (war criminal),0,366,0.0
